"gameId","platformId","gameCreation","gameDuration","queueId","mapId","seasonId","gameVersion","gameMode","gameType","teams__teamId","teams__win","teams__firstBlood","teams__firstTower","teams__firstInhibitor","teams__firstBaron","teams__firstDragon","teams__firstRiftHerald","teams__towerKills","teams__inhibitorKills","teams__baronKills","teams__dragonKills","teams__vilemawKills","teams__riftHeraldKills","teams__dominionVictoryScore","teams__bans__championId","teams__bans__pickTurn","participants__participantId","participants__teamId","participants__championId","participants__spell1Id","participants__spell2Id","participants__highestAchievedSeasonTier","participants__stats__participantId","participants__stats__win","participants__stats__item0","participants__stats__item1","participants__stats__item2","participants__stats__item3","participants__stats__item4","participants__stats__item5","participants__stats__item6","participants__stats__kills","participants__stats__deaths","participants__stats__assists","participants__stats__largestKillingSpree","participants__stats__largestMultiKill","participants__stats__killingSprees","participants__stats__longestTimeSpentLiving","participants__stats__doubleKills","participants__stats__tripleKills","participants__stats__quadraKills","participants__stats__pentaKills","participants__stats__unrealKills","participants__stats__totalDamageDealt","participants__stats__magicDamageDealt","participants__stats__physicalDamageDealt","participants__stats__trueDamageDealt","participants__stats__largestCriticalStrike","participants__stats__totalDamageDealtToChampions","participants__stats__magicDamageDealtToChampions","participants__stats__physicalDamageDealtToChampions","participants__stats__trueDamageDealtToChampions","participants__stats__totalHeal","participants__stats__totalUnitsHealed","participants__stats__damageSelfMitigated","participants__stats__damageDealtToObjectives","participants__stats__damageDealtToTurrets","participants__stats__visionScore","participants__stats__timeCCingOthers","participants__stats__totalDamageTaken","participants__stats__magicalDamageTaken","participants__stats__physicalDamageTaken","participants__stats__trueDamageTaken","participants__stats__goldEarned","participants__stats__goldSpent","participants__stats__turretKills","participants__stats__inhibitorKills","participants__stats__totalMinionsKilled","participants__stats__neutralMinionsKilled","participants__stats__neutralMinionsKilledTeamJungle","participants__stats__neutralMinionsKilledEnemyJungle","participants__stats__totalTimeCrowdControlDealt","participants__stats__champLevel","participants__stats__visionWardsBoughtInGame","participants__stats__sightWardsBoughtInGame","participants__stats__wardsPlaced","participants__stats__wardsKilled","participants__stats__firstBloodKill","participants__stats__firstBloodAssist","participants__stats__firstTowerKill","participants__stats__firstTowerAssist","participants__stats__combatPlayerScore","participants__stats__objectivePlayerScore","participants__stats__totalPlayerScore","participants__stats__totalScoreRank","participants__stats__playerScore0","participants__stats__playerScore1","participants__stats__playerScore2","participants__stats__playerScore3","participants__stats__playerScore4","participants__stats__playerScore5","participants__stats__playerScore6","participants__stats__playerScore7","participants__stats__playerScore8","participants__stats__playerScore9","participants__stats__perk0","participants__stats__perk0Var1","participants__stats__perk0Var2","participants__stats__perk0Var3","participants__stats__perk1","participants__stats__perk1Var1","participants__stats__perk1Var2","participants__stats__perk1Var3","participants__stats__perk2","participants__stats__perk2Var1","participants__stats__perk2Var2","participants__stats__perk2Var3","participants__stats__perk3","participants__stats__perk3Var1","participants__stats__perk3Var2","participants__stats__perk3Var3","participants__stats__perk4","participants__stats__perk4Var1","participants__stats__perk4Var2","participants__stats__perk4Var3","participants__stats__perk5","participants__stats__perk5Var1","participants__stats__perk5Var2","participants__stats__perk5Var3","participants__stats__perkPrimaryStyle","participants__stats__perkSubStyle","participants__stats__statPerk0","participants__stats__statPerk1","participants__stats__statPerk2","participants__timeline__participantId","participants__timeline__|","participants__timeline__|__0-10","participants__timeline__role","participants__timeline__lane","participants__champion","participants__playerName"
"3041222015","NA1","1557791769321","1069","0","11","13","9.9.272.4950","CLASSIC","CUSTOM_GAME","100","Win","True","True","False","False","True","False","5","0","0","2","0","0","0","517","1","1","100","240","12","4","BRONZE","1","True","1001","3077","2031","3044","3067","1054","3340","3","0","0","3","1","1","0","0","0","0","0","0","83027","0","81311","1716","0","5061","0","4581","479","1922","1","5142","8969","5119","14","6","9790","3115","6645","30","7949","4400","1","0","119","18","0","13","159","12","1","0","6","1","False","False","False","False","0","0","0","0","0","0","0","0","0","0","0","0","0","0","8010","187","67","174","9111","192","60","0","9105","16","0","0","8299","63","0","0","8210","0","0","0","8236","4","0","0","8000","8200","5008","5008","5003","1","creepsPerMinDeltas","6.5","DUO","NONE","Kled","Goku KP"
"","","","","","","","","","","","","","","","","","","","","","","","","","223","3","","","","","","","","","","","","","","","","","","","","","","","","","","","","","","","","","","","","","","","","","","","","","","","","","","","","","","","","","","","","","","","","","","","","","","","","","","","","","","","","","","","","","","","","","","","","","","","","","","","","","","","","","","","","","","xpPerMinDeltas","371.4","","","",""
"","","","","","","","","","","","","","","","","","","","","","","","","","67","5","","","","","","","","","","","","","","","","","","","","","","","","","","","","","","","","","","","","","","","","","","","","","","","","","","","","","","","","","","","","","","","","","","","","","","","","","","","","","","","","","","","","","","","","","","","","","","","","","","","","","","","","","","","","","","goldPerMinDeltas","293.9","","","",""
"","","","","","","","","","","","","","","","","","","","","","","","","","25","2","","","","","","","","","","","","","","","","","","","","","","","","","","","","","","","","","","","","","","","","","","","","","","","","","","","","","","","","","","","","","","","","","","","","","","","","","","","","","","","","","","","","","","","","","","","","","","","","","","","","","","","","","","","","","","csDiffPerMinDeltas","0.26","","","",""
"","","","","","","","","","","","","","","","","","","","","","","","","","37","4","","","","","","","","","","","","","","","","","","","","","","","","","","","","","","","","","","","","","","","","","","","","","","","","","","","","","","","","","","","","","","","","","","","","","","","","","","","","","","","","","","","","","","","","","","","","","","","","","","","","","","","","","","","","","","xpDiffPerMinDeltas","40.15999999999998","","","",""
"","","","","","","","","","","200","Fail","False","False","False","False","False","False","0","0","0","0","0","0","0","24","2","","","","","","","","","","","","","","","","","","","","","","","","","","","","","","","","","","","","","","","","","","","","","","","","","","","","","","","","","","","","","","","","","","","","","","","","","","","","","","","","","","","","","","","","","","","","","","","","","","","","","","","","","","","","","","damageTakenPerMinDeltas","302.6","","","",""
"","","","","","","","","","","","","","","","","","","","","","","","","","64","4","","","","","","","","","","","","","","","","","","","","","","","","","","","","","","","","","","","","","","","","","","","","","","","","","","","","","","","","","","","","","","","","","","","","","","","","","","","","","","","","","","","","","","","","","","","","","","","","","","","","","","","","","","","","","","damageTakenDiffPerMinDeltas","-39.98000000000003","","","",""
"","","","","","","","","","","","","","","","","","","","","","","","","","254","1","2","100","120","11","6","GOLD","2","True","3706","2031","3078","2055","1036","3111","3340","4","4","5","2","1","1","396","0","0","0","0","0","70773","10584","55597","4591","0","9732","1006","7364","1361","7622","1","7755","10420","0","22","16","16124","4156","11727","240","6737","6558","0","0","11","76","43","8","109","9","3","0","5","4","True","False","False","False","0","0","0","0","0","0","0","0","0","0","0","0","0","0","8010","823","308","743","9111","388","180","0","9104","11","20","0","8014","309","0","0","8234","2380","0","0","8232","3","30","0","8000","8200","5005","5008","5002","2","creepsPerMinDeltas","0.2","DUO_SUPPORT","NONE","Hecarim","BasicallyCancer"
"","","","","","","","","","","","","","","","","","","","","","","","","","31","3","","","","","","","","","","","","","","","","","","","","","","","","","","","","","","","","","","","","","","","","","","","","","","","","","","","","","","","","","","","","","","","","","","","","","","","","","","","","","","","","","","","","","","","","","","","","","","","","","","","","","","","","","","","","","","xpPerMinDeltas","330.9","","","",""
"","","","","","","","","","","","","","","","","","","","","","","","","","","","","","","","","","","","","","","","","","","","","","","","","","","","","","","","","","","","","","","","","","","","","","","","","","","","","","","","","","","","","","","","","","","","","","","","","","","","","","","","","","","","","","","","","","","","","","","","","","","","","","","","","","","","","","","","","goldPerMinDeltas","331.2","","","",""
"","","","","","","","","","","","","","","","","","","","","","","","","","","","","","","","","","","","","","","","","","","","","","","","","","","","","","","","","","","","","","","","","","","","","","","","","","","","","","","","","","","","","","","","","","","","","","","","","","","","","","","","","","","","","","","","","","","","","","","","","","","","","","","","","","","","","","","","","csDiffPerMinDeltas","0.26","","","",""
"","","","","","","","","","","","","","","","","","","","","","","","","","","","","","","","","","","","","","","","","","","","","","","","","","","","","","","","","","","","","","","","","","","","","","","","","","","","","","","","","","","","","","","","","","","","","","","","","","","","","","","","","","","","","","","","","","","","","","","","","","","","","","","","","","","","","","","","","xpDiffPerMinDeltas","40.15999999999998","","","",""
"","","","","","","","","","","","","","","","","","","","","","","","","","","","","","","","","","","","","","","","","","","","","","","","","","","","","","","","","","","","","","","","","","","","","","","","","","","","","","","","","","","","","","","","","","","","","","","","","","","","","","","","","","","","","","","","","","","","","","","","","","","","","","","","","","","","","","","","","damageTakenPerMinDeltas","686.8","","","",""
"","","","","","","","","","","","","","","","","","","","","","","","","","","","","","","","","","","","","","","","","","","","","","","","","","","","","","","","","","","","","","","","","","","","","","","","","","","","","","","","","","","","","","","","","","","","","","","","","","","","","","","","","","","","","","","","","","","","","","","","","","","","","","","","","","","","","","","","","damageTakenDiffPerMinDeltas","-39.98000000000003","","","",""
"","","","","","","","","","","","","","","","","","","","","","","","","","","","3","100","103","4","14","GOLD","3","True","1056","3030","0","2055","0","3020","3340","4","0","3","4","1","1","0","0","0","0","0","0","58889","28141","12553","18194","0","10093","5821","1576","2695","2763","1","3224","4910","3186","12","24","8097","4628","3138","330","6675","4825","0","0","99","0","0","0","97","12","3","0","7","0","False","False","False","False","0","0","0","0","0","0","0","0","0","0","0","0","0","0","8351","20","0","0","8304","10","3","0","8345","4","0","0","8352","206","996","69","8224","0","0","0","8237","332","0","0","8300","8200","5008","5003","5003","3","creepsPerMinDeltas","4.9","DUO_SUPPORT","NONE","Ahri","Candle King"
"","","","","","","","","","","","","","","","","","","","","","","","","","","","","","","","","","","","","","","","","","","","","","","","","","","","","","","","","","","","","","","","","","","","","","","","","","","","","","","","","","","","","","","","","","","","","","","","","","","","","","","","","","","","","","","","","","","","","","","","","","","","","","","","","","","","","","","","","xpPerMinDeltas","478.5","","","",""
"","","","","","","","","","","","","","","","","","","","","","","","","","","","","","","","","","","","","","","","","","","","","","","","","","","","","","","","","","","","","","","","","","","","","","","","","","","","","","","","","","","","","","","","","","","","","","","","","","","","","","","","","","","","","","","","","","","","","","","","","","","","","","","","","","","","","","","","","goldPerMinDeltas","252","","","",""
"","","","","","","","","","","","","","","","","","","","","","","","","","","","","","","","","","","","","","","","","","","","","","","","","","","","","","","","","","","","","","","","","","","","","","","","","","","","","","","","","","","","","","","","","","","","","","","","","","","","","","","","","","","","","","","","","","","","","","","","","","","","","","","","","","","","","","","","","csDiffPerMinDeltas","0.26","","","",""
"","","","","","","","","","","","","","","","","","","","","","","","","","","","","","","","","","","","","","","","","","","","","","","","","","","","","","","","","","","","","","","","","","","","","","","","","","","","","","","","","","","","","","","","","","","","","","","","","","","","","","","","","","","","","","","","","","","","","","","","","","","","","","","","","","","","","","","","","xpDiffPerMinDeltas","40.15999999999998","","","",""
"","","","","","","","","","","","","","","","","","","","","","","","","","","","","","","","","","","","","","","","","","","","","","","","","","","","","","","","","","","","","","","","","","","","","","","","","","","","","","","","","","","","","","","","","","","","","","","","","","","","","","","","","","","","","","","","","","","","","","","","","","","","","","","","","","","","","","","","","damageTakenPerMinDeltas","341.9","","","",""
"","","","","","","","","","","","","","","","","","","","","","","","","","","","","","","","","","","","","","","","","","","","","","","","","","","","","","","","","","","","","","","","","","","","","","","","","","","","","","","","","","","","","","","","","","","","","","","","","","","","","","","","","","","","","","","","","","","","","","","","","","","","","","","","","","","","","","","","","damageTakenDiffPerMinDeltas","-39.98000000000003","","","",""
"","","","","","","","","","","","","","","","","","","","","","","","","","","","4","100","15","7","4","SILVER","4","True","1055","3508","3006","3086","0","2015","3340","9","2","3","6","2","2","459","3","0","0","0","0","80041","2098","76728","1214","394","13688","271","13328","88","1700","2","3641","9247","2751","16","2","8934","2853","5795","286","8862","6375","1","0","106","12","4","4","50","10","1","0","6","3","False","False","True","False","0","0","0","0","0","0","0","0","0","0","0","0","0","0","8008","1","40","0","9111","724","240","0","9103","0","0","0","8014","276","0","0","8304","9","4","5","8345","4","0","0","8000","8300","5005","5008","5002","4","creepsPerMinDeltas","5.5","DUO_SUPPORT","NONE","Sivir","TheEpicFail"
"","","","","","","","","","","","","","","","","","","","","","","","","","","","","","","","","","","","","","","","","","","","","","","","","","","","","","","","","","","","","","","","","","","","","","","","","","","","","","","","","","","","","","","","","","","","","","","","","","","","","","","","","","","","","","","","","","","","","","","","","","","","","","","","","","","","","","","","","xpPerMinDeltas","309.8","","","",""
"","","","","","","","","","","","","","","","","","","","","","","","","","","","","","","","","","","","","","","","","","","","","","","","","","","","","","","","","","","","","","","","","","","","","","","","","","","","","","","","","","","","","","","","","","","","","","","","","","","","","","","","","","","","","","","","","","","","","","","","","","","","","","","","","","","","","","","","","goldPerMinDeltas","303.7","","","",""
"","","","","","","","","","","","","","","","","","","","","","","","","","","","","","","","","","","","","","","","","","","","","","","","","","","","","","","","","","","","","","","","","","","","","","","","","","","","","","","","","","","","","","","","","","","","","","","","","","","","","","","","","","","","","","","","","","","","","","","","","","","","","","","","","","","","","","","","","csDiffPerMinDeltas","0.26","","","",""
"","","","","","","","","","","","","","","","","","","","","","","","","","","","","","","","","","","","","","","","","","","","","","","","","","","","","","","","","","","","","","","","","","","","","","","","","","","","","","","","","","","","","","","","","","","","","","","","","","","","","","","","","","","","","","","","","","","","","","","","","","","","","","","","","","","","","","","","","xpDiffPerMinDeltas","40.15999999999998","","","",""
"","","","","","","","","","","","","","","","","","","","","","","","","","","","","","","","","","","","","","","","","","","","","","","","","","","","","","","","","","","","","","","","","","","","","","","","","","","","","","","","","","","","","","","","","","","","","","","","","","","","","","","","","","","","","","","","","","","","","","","","","","","","","","","","","","","","","","","","","damageTakenPerMinDeltas","260.6","","","",""
"","","","","","","","","","","","","","","","","","","","","","","","","","","","","","","","","","","","","","","","","","","","","","","","","","","","","","","","","","","","","","","","","","","","","","","","","","","","","","","","","","","","","","","","","","","","","","","","","","","","","","","","","","","","","","","","","","","","","","","","","","","","","","","","","","","","","","","","","damageTakenDiffPerMinDeltas","-39.98000000000003","","","",""
"","","","","","","","","","","","","","","","","","","","","","","","","","","","5","100","267","4","14","SILVER","5","True","3117","3113","3114","3098","2055","0","3364","0","3","10","0","0","0","549","0","0","0","0","0","8054","5156","2671","226","0","3510","2678","605","226","4100","4","2044","2368","1763","17","11","5373","1632","3672","68","5630","3775","1","0","2","0","0","0","40","9","3","0","9","0","False","False","False","True","0","0","0","0","0","0","0","0","0","0","0","0","0","0","8214","213","445","0","8226","250","106","0","8210","0","0","0","8237","162","0","0","8463","148","0","0","8453","265","101","0","8200","8400","5008","5008","5001","5","creepsPerMinDeltas","0","DUO_SUPPORT","NONE","Nami","Kateriann"
"","","","","","","","","","","","","","","","","","","","","","","","","","","","","","","","","","","","","","","","","","","","","","","","","","","","","","","","","","","","","","","","","","","","","","","","","","","","","","","","","","","","","","","","","","","","","","","","","","","","","","","","","","","","","","","","","","","","","","","","","","","","","","","","","","","","","","","","","xpPerMinDeltas","254.1","","","",""
"","","","","","","","","","","","","","","","","","","","","","","","","","","","","","","","","","","","","","","","","","","","","","","","","","","","","","","","","","","","","","","","","","","","","","","","","","","","","","","","","","","","","","","","","","","","","","","","","","","","","","","","","","","","","","","","","","","","","","","","","","","","","","","","","","","","","","","","","goldPerMinDeltas","183.8","","","",""
"","","","","","","","","","","","","","","","","","","","","","","","","","","","","","","","","","","","","","","","","","","","","","","","","","","","","","","","","","","","","","","","","","","","","","","","","","","","","","","","","","","","","","","","","","","","","","","","","","","","","","","","","","","","","","","","","","","","","","","","","","","","","","","","","","","","","","","","","csDiffPerMinDeltas","0.26","","","",""
"","","","","","","","","","","","","","","","","","","","","","","","","","","","","","","","","","","","","","","","","","","","","","","","","","","","","","","","","","","","","","","","","","","","","","","","","","","","","","","","","","","","","","","","","","","","","","","","","","","","","","","","","","","","","","","","","","","","","","","","","","","","","","","","","","","","","","","","","xpDiffPerMinDeltas","40.15999999999998","","","",""
"","","","","","","","","","","","","","","","","","","","","","","","","","","","","","","","","","","","","","","","","","","","","","","","","","","","","","","","","","","","","","","","","","","","","","","","","","","","","","","","","","","","","","","","","","","","","","","","","","","","","","","","","","","","","","","","","","","","","","","","","","","","","","","","","","","","","","","","","damageTakenPerMinDeltas","215.6","","","",""
"","","","","","","","","","","","","","","","","","","","","","","","","","","","","","","","","","","","","","","","","","","","","","","","","","","","","","","","","","","","","","","","","","","","","","","","","","","","","","","","","","","","","","","","","","","","","","","","","","","","","","","","","","","","","","","","","","","","","","","","","","","","","","","","","","","","","","","","","damageTakenDiffPerMinDeltas","-39.98000000000003","","","",""
"","","","","","","","","","","","","","","","","","","","","","","","","","","","6","200","8","12","4","SILVER","6","False","1054","3067","3108","3145","2055","2422","3340","1","4","0","0","1","0","369","0","0","0","0","0","35334","29207","5928","198","0","5122","4634","427","60","4474","1","3374","288","288","5","3","8456","277","7335","843","4463","3550","0","0","84","0","0","0","86","9","2","0","4","0","False","False","False","False","0","0","0","0","0","0","0","0","0","0","0","0","0","0","8230","8","0","0","8275","4","0","0","8210","0","0","0","8236","8","0","0","8304","11","1","5","8347","0","0","0","8200","8300","5007","5008","5002","6","creepsPerMinDeltas","5.6","DUO","NONE","Vladimir","Notez"
"","","","","","","","","","","","","","","","","","","","","","","","","","","","","","","","","","","","","","","","","","","","","","","","","","","","","","","","","","","","","","","","","","","","","","","","","","","","","","","","","","","","","","","","","","","","","","","","","","","","","","","","","","","","","","","","","","","","","","","","","","","","","","","","","","","","","","","","","xpPerMinDeltas","377.1","","","",""
"","","","","","","","","","","","","","","","","","","","","","","","","","","","","","","","","","","","","","","","","","","","","","","","","","","","","","","","","","","","","","","","","","","","","","","","","","","","","","","","","","","","","","","","","","","","","","","","","","","","","","","","","","","","","","","","","","","","","","","","","","","","","","","","","","","","","","","","","goldPerMinDeltas","240.2","","","",""
"","","","","","","","","","","","","","","","","","","","","","","","","","","","","","","","","","","","","","","","","","","","","","","","","","","","","","","","","","","","","","","","","","","","","","","","","","","","","","","","","","","","","","","","","","","","","","","","","","","","","","","","","","","","","","","","","","","","","","","","","","","","","","","","","","","","","","","","","csDiffPerMinDeltas","-0.26","","","",""
"","","","","","","","","","","","","","","","","","","","","","","","","","","","","","","","","","","","","","","","","","","","","","","","","","","","","","","","","","","","","","","","","","","","","","","","","","","","","","","","","","","","","","","","","","","","","","","","","","","","","","","","","","","","","","","","","","","","","","","","","","","","","","","","","","","","","","","","","xpDiffPerMinDeltas","-40.15999999999998","","","",""
"","","","","","","","","","","","","","","","","","","","","","","","","","","","","","","","","","","","","","","","","","","","","","","","","","","","","","","","","","","","","","","","","","","","","","","","","","","","","","","","","","","","","","","","","","","","","","","","","","","","","","","","","","","","","","","","","","","","","","","","","","","","","","","","","","","","","","","","","damageTakenPerMinDeltas","328.3","","","",""
"","","","","","","","","","","","","","","","","","","","","","","","","","","","","","","","","","","","","","","","","","","","","","","","","","","","","","","","","","","","","","","","","","","","","","","","","","","","","","","","","","","","","","","","","","","","","","","","","","","","","","","","","","","","","","","","","","","","","","","","","","","","","","","","","","","","","","","","","damageTakenDiffPerMinDeltas","39.98000000000003","","","",""
"","","","","","","","","","","","","","","","","","","","","","","","","","","","7","200","14","11","12","","7","False","2031","1401","1001","2055","3067","0","3340","2","4","4","0","1","0","432","0","0","0","0","0","55694","19264","32267","4162","0","5780","1532","4004","244","3158","1","10481","553","0","14","19","15984","2250","12481","1252","5020","3975","0","0","17","48","33","12","449","8","3","0","10","2","False","False","False","False","0","0","0","0","0","0","0","0","0","0","0","0","0","0","8439","467","0","0","8446","0","0","0","8444","529","0","0","8451","33","0","0","8134","17","3","0","8136","2","4","0","8400","8100","5005","5002","5002","7","creepsPerMinDeltas","1","DUO_SUPPORT","NONE","Sion","DokiFTW"
"","","","","","","","","","","","","","","","","","","","","","","","","","","","","","","","","","","","","","","","","","","","","","","","","","","","","","","","","","","","","","","","","","","","","","","","","","","","","","","","","","","","","","","","","","","","","","","","","","","","","","","","","","","","","","","","","","","","","","","","","","","","","","","","","","","","","","","","","xpPerMinDeltas","260","","","",""
"","","","","","","","","","","","","","","","","","","","","","","","","","","","","","","","","","","","","","","","","","","","","","","","","","","","","","","","","","","","","","","","","","","","","","","","","","","","","","","","","","","","","","","","","","","","","","","","","","","","","","","","","","","","","","","","","","","","","","","","","","","","","","","","","","","","","","","","","goldPerMinDeltas","228","","","",""
"","","","","","","","","","","","","","","","","","","","","","","","","","","","","","","","","","","","","","","","","","","","","","","","","","","","","","","","","","","","","","","","","","","","","","","","","","","","","","","","","","","","","","","","","","","","","","","","","","","","","","","","","","","","","","","","","","","","","","","","","","","","","","","","","","","","","","","","","csDiffPerMinDeltas","-0.26","","","",""
"","","","","","","","","","","","","","","","","","","","","","","","","","","","","","","","","","","","","","","","","","","","","","","","","","","","","","","","","","","","","","","","","","","","","","","","","","","","","","","","","","","","","","","","","","","","","","","","","","","","","","","","","","","","","","","","","","","","","","","","","","","","","","","","","","","","","","","","","xpDiffPerMinDeltas","-40.15999999999998","","","",""
"","","","","","","","","","","","","","","","","","","","","","","","","","","","","","","","","","","","","","","","","","","","","","","","","","","","","","","","","","","","","","","","","","","","","","","","","","","","","","","","","","","","","","","","","","","","","","","","","","","","","","","","","","","","","","","","","","","","","","","","","","","","","","","","","","","","","","","","","damageTakenPerMinDeltas","631.4000000000001","","","",""
"","","","","","","","","","","","","","","","","","","","","","","","","","","","","","","","","","","","","","","","","","","","","","","","","","","","","","","","","","","","","","","","","","","","","","","","","","","","","","","","","","","","","","","","","","","","","","","","","","","","","","","","","","","","","","","","","","","","","","","","","","","","","","","","","","","","","","","","","damageTakenDiffPerMinDeltas","39.98000000000003","","","",""
"","","","","","","","","","","","","","","","","","","","","","","","","","","","8","200","7","4","14","SILVER","8","False","2033","3285","0","1001","0","0","3340","2","4","1","2","2","1","410","1","0","0","0","0","28825","21738","6825","262","0","6896","5827","806","262","228","1","2726","0","0","11","8","9551","3911","3992","1646","5171","4075","0","0","64","0","0","0","10","10","1","0","6","2","False","False","False","False","0","0","0","0","0","0","0","0","0","0","0","0","0","0","8112","527","0","0","8143","212","0","0","8138","6","0","0","8135","317","2","0","8226","250","136","0","8210","0","0","0","8100","8200","5007","5008","5003","8","creepsPerMinDeltas","3.9000000000000004","DUO_SUPPORT","NONE","Leblanc","TSM Sicko Mode"
"","","","","","","","","","","","","","","","","","","","","","","","","","","","","","","","","","","","","","","","","","","","","","","","","","","","","","","","","","","","","","","","","","","","","","","","","","","","","","","","","","","","","","","","","","","","","","","","","","","","","","","","","","","","","","","","","","","","","","","","","","","","","","","","","","","","","","","","","xpPerMinDeltas","374","","","",""
"","","","","","","","","","","","","","","","","","","","","","","","","","","","","","","","","","","","","","","","","","","","","","","","","","","","","","","","","","","","","","","","","","","","","","","","","","","","","","","","","","","","","","","","","","","","","","","","","","","","","","","","","","","","","","","","","","","","","","","","","","","","","","","","","","","","","","","","","goldPerMinDeltas","185.5","","","",""
"","","","","","","","","","","","","","","","","","","","","","","","","","","","","","","","","","","","","","","","","","","","","","","","","","","","","","","","","","","","","","","","","","","","","","","","","","","","","","","","","","","","","","","","","","","","","","","","","","","","","","","","","","","","","","","","","","","","","","","","","","","","","","","","","","","","","","","","","csDiffPerMinDeltas","-0.26","","","",""
"","","","","","","","","","","","","","","","","","","","","","","","","","","","","","","","","","","","","","","","","","","","","","","","","","","","","","","","","","","","","","","","","","","","","","","","","","","","","","","","","","","","","","","","","","","","","","","","","","","","","","","","","","","","","","","","","","","","","","","","","","","","","","","","","","","","","","","","","xpDiffPerMinDeltas","-40.15999999999998","","","",""
"","","","","","","","","","","","","","","","","","","","","","","","","","","","","","","","","","","","","","","","","","","","","","","","","","","","","","","","","","","","","","","","","","","","","","","","","","","","","","","","","","","","","","","","","","","","","","","","","","","","","","","","","","","","","","","","","","","","","","","","","","","","","","","","","","","","","","","","","damageTakenPerMinDeltas","415.7","","","",""
"","","","","","","","","","","","","","","","","","","","","","","","","","","","","","","","","","","","","","","","","","","","","","","","","","","","","","","","","","","","","","","","","","","","","","","","","","","","","","","","","","","","","","","","","","","","","","","","","","","","","","","","","","","","","","","","","","","","","","","","","","","","","","","","","","","","","","","","","damageTakenDiffPerMinDeltas","39.98000000000003","","","",""
"","","","","","","","","","","","","","","","","","","","","","","","","","","","9","200","81","7","4","GOLD","9","False","2031","2422","1055","3004","3057","3024","3340","1","6","5","0","1","0","454","0","0","0","0","0","33321","3080","24170","6070","0","6267","1991","4275","0","591","2","3406","0","0","7","0","9168","1786","7039","342","5229","5000","0","0","68","0","0","0","0","9","0","0","6","0","False","False","False","False","0","0","0","0","0","0","0","0","0","0","0","0","0","0","8359","450","10","0","8304","9","4","5","8321","4","0","0","8347","0","0","0","8226","250","118","0","8210","0","0","0","8300","8200","5008","5008","5002","9","creepsPerMinDeltas","3.9000000000000004","DUO_SUPPORT","NONE","Ezreal","RaNdoMxV2"
"","","","","","","","","","","","","","","","","","","","","","","","","","","","","","","","","","","","","","","","","","","","","","","","","","","","","","","","","","","","","","","","","","","","","","","","","","","","","","","","","","","","","","","","","","","","","","","","","","","","","","","","","","","","","","","","","","","","","","","","","","","","","","","","","","","","","","","","","xpPerMinDeltas","260","","","",""
"","","","","","","","","","","","","","","","","","","","","","","","","","","","","","","","","","","","","","","","","","","","","","","","","","","","","","","","","","","","","","","","","","","","","","","","","","","","","","","","","","","","","","","","","","","","","","","","","","","","","","","","","","","","","","","","","","","","","","","","","","","","","","","","","","","","","","","","","goldPerMinDeltas","235.60000000000002","","","",""
"","","","","","","","","","","","","","","","","","","","","","","","","","","","","","","","","","","","","","","","","","","","","","","","","","","","","","","","","","","","","","","","","","","","","","","","","","","","","","","","","","","","","","","","","","","","","","","","","","","","","","","","","","","","","","","","","","","","","","","","","","","","","","","","","","","","","","","","","csDiffPerMinDeltas","-0.26","","","",""
"","","","","","","","","","","","","","","","","","","","","","","","","","","","","","","","","","","","","","","","","","","","","","","","","","","","","","","","","","","","","","","","","","","","","","","","","","","","","","","","","","","","","","","","","","","","","","","","","","","","","","","","","","","","","","","","","","","","","","","","","","","","","","","","","","","","","","","","","xpDiffPerMinDeltas","-40.15999999999998","","","",""
"","","","","","","","","","","","","","","","","","","","","","","","","","","","","","","","","","","","","","","","","","","","","","","","","","","","","","","","","","","","","","","","","","","","","","","","","","","","","","","","","","","","","","","","","","","","","","","","","","","","","","","","","","","","","","","","","","","","","","","","","","","","","","","","","","","","","","","","","damageTakenPerMinDeltas","345","","","",""
"","","","","","","","","","","","","","","","","","","","","","","","","","","","","","","","","","","","","","","","","","","","","","","","","","","","","","","","","","","","","","","","","","","","","","","","","","","","","","","","","","","","","","","","","","","","","","","","","","","","","","","","","","","","","","","","","","","","","","","","","","","","","","","","","","","","","","","","","damageTakenDiffPerMinDeltas","39.98000000000003","","","",""
"","","","","","","","","","","","","","","","","","","","","","","","","","","","10","200","89","4","14","SILVER","10","False","3097","3050","3117","1028","0","0","3364","3","2","4","3","2","1","562","1","0","0","0","0","16427","6977","5322","4127","0","3815","1751","1676","388","711","4","8338","0","0","9","21","6962","1748","4447","766","4430","4275","0","0","26","0","0","0","40","9","1","0","6","0","False","False","False","False","0","0","0","0","0","0","0","0","0","0","0","0","0","0","8439","307","0","0","8446","0","0","0","8429","43","17","13","8451","104","0","0","8304","9","4","5","8347","0","0","0","8400","8300","5007","5002","5001","10","creepsPerMinDeltas","1.4","DUO_SUPPORT","NONE","Leona","Aoife of Shadows"
"","","","","","","","","","","","","","","","","","","","","","","","","","","","","","","","","","","","","","","","","","","","","","","","","","","","","","","","","","","","","","","","","","","","","","","","","","","","","","","","","","","","","","","","","","","","","","","","","","","","","","","","","","","","","","","","","","","","","","","","","","","","","","","","","","","","","","","","","xpPerMinDeltas","272.8","","","",""
"","","","","","","","","","","","","","","","","","","","","","","","","","","","","","","","","","","","","","","","","","","","","","","","","","","","","","","","","","","","","","","","","","","","","","","","","","","","","","","","","","","","","","","","","","","","","","","","","","","","","","","","","","","","","","","","","","","","","","","","","","","","","","","","","","","","","","","","","goldPerMinDeltas","229.10000000000002","","","",""
"","","","","","","","","","","","","","","","","","","","","","","","","","","","","","","","","","","","","","","","","","","","","","","","","","","","","","","","","","","","","","","","","","","","","","","","","","","","","","","","","","","","","","","","","","","","","","","","","","","","","","","","","","","","","","","","","","","","","","","","","","","","","","","","","","","","","","","","","csDiffPerMinDeltas","-0.26","","","",""
"","","","","","","","","","","","","","","","","","","","","","","","","","","","","","","","","","","","","","","","","","","","","","","","","","","","","","","","","","","","","","","","","","","","","","","","","","","","","","","","","","","","","","","","","","","","","","","","","","","","","","","","","","","","","","","","","","","","","","","","","","","","","","","","","","","","","","","","","xpDiffPerMinDeltas","-40.15999999999998","","","",""
"","","","","","","","","","","","","","","","","","","","","","","","","","","","","","","","","","","","","","","","","","","","","","","","","","","","","","","","","","","","","","","","","","","","","","","","","","","","","","","","","","","","","","","","","","","","","","","","","","","","","","","","","","","","","","","","","","","","","","","","","","","","","","","","","","","","","","","","","damageTakenPerMinDeltas","287","","","",""
"","","","","","","","","","","","","","","","","","","","","","","","","","","","","","","","","","","","","","","","","","","","","","","","","","","","","","","","","","","","","","","","","","","","","","","","","","","","","","","","","","","","","","","","","","","","","","","","","","","","","","","","","","","","","","","","","","","","","","","","","","","","","","","","","","","","","","","","","damageTakenDiffPerMinDeltas","39.98000000000003","","","",""
